"campusId","distance","duration","legs","originPostcode","postcode","ukprn"
"UCL  Main Campus","37.0","52.0","0","AL1"," WC1E 6BT","10007784"
"UCL  Main Campus","32.0","71.0","0","AL10"," WC1E 6BT","10007784"
"UCL  Main Campus","42.0","93.0","0","AL2"," WC1E 6BT","10007784"
"UCL  Main Campus","42.0","77.0","0","AL3"," WC1E 6BT","10007784"
"UCL  Main Campus","42.0","79.0","0","AL4"," WC1E 6BT","10007784"
"UCL  Main Campus","44.0","56.0","0","AL5"," WC1E 6BT","10007784"
"UCL  Main Campus","56.0","106.0","0","AL6"," WC1E 6BT","10007784"
"UCL  Main Campus","37.0","76.0","0","AL7"," WC1E 6BT","10007784"
"UCL  Main Campus","35.0","71.0","0","AL8"," WC1E 6BT","10007784"
"UCL  Main Campus","29.0","75.0","0","AL9"," WC1E 6BT","10007784"
"UCL  Main Campus","22.0","65.0","0","BR1"," WC1E 6BT","10007784"
"UCL  Main Campus","23.0","65.0","0","BR2"," WC1E 6BT","10007784"
"UCL  Main Campus","19.0","65.0","0","BR3"," WC1E 6BT","10007784"
"UCL  Main Campus","24.0","73.0","0","BR4"," WC1E 6BT","10007784"
"UCL  Main Campus","28.0","63.0","0","BR5"," WC1E 6BT","10007784"
"UCL  Main Campus","26.0","62.0","0","BR6"," WC1E 6BT","10007784"
"UCL  Main Campus","31.0","75.0","0","BR7"," WC1E 6BT","10007784"
"UCL  Main Campus","33.0","68.0","0","BR8"," WC1E 6BT","10007784"
"UCL  Main Campus","78.0","98.0","0","CM0"," WC1E 6BT","10007784"
"UCL  Main Campus","54.0","87.0","0","CM1"," WC1E 6BT","10007784"
"UCL  Main Campus","46.0","73.0","0","CM11"," WC1E 6BT","10007784"
"UCL  Main Campus","44.0","59.0","0","CM12"," WC1E 6BT","10007784"
"UCL  Main Campus","51.0","77.0","0","CM13"," WC1E 6BT","10007784"
"UCL  Main Campus","35.0","80.0","0","CM14"," WC1E 6BT","10007784"
"UCL  Main Campus","37.0","112.0","0","CM15"," WC1E 6BT","10007784"
"UCL  Main Campus","33.0","83.0","0","CM16"," WC1E 6BT","10007784"
"UCL  Main Campus","43.0","90.0","0","CM17"," WC1E 6BT","10007784"
"UCL  Main Campus","43.0","108.0","0","CM18"," WC1E 6BT","10007784"
"UCL  Main Campus","41.0","86.0","0","CM19"," WC1E 6BT","10007784"
"UCL  Main Campus","54.0","88.0","0","CM2"," WC1E 6BT","10007784"
"UCL  Main Campus","38.0","59.0","0","CM20"," WC1E 6BT","10007784"
"UCL  Main Campus","56.0","79.0","0","CM21"," WC1E 6BT","10007784"
"UCL  Main Campus","55.0","97.0","0","CM22"," WC1E 6BT","10007784"
"UCL  Main Campus","50.0","63.0","0","CM23"," WC1E 6BT","10007784"
"UCL  Main Campus","55.0","63.0","0","CM24"," WC1E 6BT","10007784"
"UCL  Main Campus","62.0","120.0","0","CM3"," WC1E 6BT","10007784"
"UCL  Main Campus","44.0","91.0","0","CM4"," WC1E 6BT","10007784"
"UCL  Main Campus","44.0","114.0","0","CM5"," WC1E 6BT","10007784"
"UCL  Main Campus","70.0","107.0","0","CM6"," WC1E 6BT","10007784"
"UCL  Main Campus","85.0","160.0","0","CM7"," WC1E 6BT","10007784"
"UCL  Main Campus","68.0","133.0","0","CM77"," WC1E 6BT","10007784"
"UCL  Main Campus","66.0","86.0","0","CM8"," WC1E 6BT","10007784"
"UCL  Main Campus","77.0","110.0","0","CM9"," WC1E 6BT","10007784"
"UCL  Main Campus","22.0","45.0","0","CR0"," WC1E 6BT","10007784"
"UCL  Main Campus","25.0","68.0","0","CR2"," WC1E 6BT","10007784"
"UCL  Main Campus","34.0","90.0","0","CR3"," WC1E 6BT","10007784"
"UCL  Main Campus","17.0","56.0","0","CR4"," WC1E 6BT","10007784"
"UCL  Main Campus","31.0","74.0","0","CR5"," WC1E 6BT","10007784"
"UCL  Main Campus","30.0","75.0","0","CR6"," WC1E 6BT","10007784"
"UCL  Main Campus","18.0","59.0","0","CR7"," WC1E 6BT","10007784"
"UCL  Main Campus","26.0","65.0","0","CR8"," WC1E 6BT","10007784"
"UCL  Main Campus","22.0","44.0","0","CR9"," WC1E 6BT","10007784"
"UCL  Main Campus","31.0","74.0","0","DA1"," WC1E 6BT","10007784"
"UCL  Main Campus","40.0","56.0","0","DA10"," WC1E 6BT","10007784"
"UCL  Main Campus","43.0","57.0","0","DA11"," WC1E 6BT","10007784"
"UCL  Main Campus","45.0","69.0","0","DA12"," WC1E 6BT","10007784"
"UCL  Main Campus","46.0","60.0","0","DA13"," WC1E 6BT","10007784"
"UCL  Main Campus","23.0","67.0","0","DA14"," WC1E 6BT","10007784"
"UCL  Main Campus","22.0","59.0","0","DA15"," WC1E 6BT","10007784"
"UCL  Main Campus","21.0","60.0","0","DA16"," WC1E 6BT","10007784"
"UCL  Main Campus","26.0","78.0","0","DA17"," WC1E 6BT","10007784"
"UCL  Main Campus","26.0","76.0","0","DA18"," WC1E 6BT","10007784"
"UCL  Main Campus","33.0","83.0","0","DA2"," WC1E 6BT","10007784"
"UCL  Main Campus","43.0","72.0","0","DA3"," WC1E 6BT","10007784"
"UCL  Main Campus","40.0","76.0","0","DA4"," WC1E 6BT","10007784"
"UCL  Main Campus","25.0","54.0","0","DA5"," WC1E 6BT","10007784"
"UCL  Main Campus","24.0","69.0","0","DA6"," WC1E 6BT","10007784"
"UCL  Main Campus","26.0","69.0","0","DA7"," WC1E 6BT","10007784"
"UCL  Main Campus","29.0","86.0","0","DA8"," WC1E 6BT","10007784"
"UCL  Main Campus","43.0","60.0","0","DA9"," WC1E 6BT","10007784"
"UCL  Main Campus","6.0","26.0","0","E1"," WC1E 6BT","10007784"
"UCL  Main Campus","15.0","37.0","0","E10"," WC1E 6BT","10007784"
"UCL  Main Campus","15.0","43.0","0","E11"," WC1E 6BT","10007784"
"UCL  Main Campus","15.0","53.0","0","E12"," WC1E 6BT","10007784"
"UCL  Main Campus","13.0","47.0","0","E13"," WC1E 6BT","10007784"
"UCL  Main Campus","15.0","31.0","0","E14"," WC1E 6BT","10007784"
"UCL  Main Campus","12.0","40.0","0","E15"," WC1E 6BT","10007784"
"UCL  Main Campus","15.0","62.0","0","E16"," WC1E 6BT","10007784"
"UCL  Main Campus","13.0","30.0","0","E17"," WC1E 6BT","10007784"
"UCL  Main Campus","17.0","51.0","0","E18"," WC1E 6BT","10007784"
"UCL  Main Campus","8.0","35.0","0","E1W"," WC1E 6BT","10007784"
"UCL  Main Campus","7.0","34.0","0","E2"," WC1E 6BT","10007784"
"UCL  Main Campus","9.0","30.0","0","E3"," WC1E 6BT","10007784"
"UCL  Main Campus","18.0","62.0","0","E4"," WC1E 6BT","10007784"
"UCL  Main Campus","10.0","41.0","0","E5"," WC1E 6BT","10007784"
"UCL  Main Campus","16.0","55.0","0","E6"," WC1E 6BT","10007784"
"UCL  Main Campus","13.0","46.0","0","E7"," WC1E 6BT","10007784"
"UCL  Main Campus","9.0","35.0","0","E8"," WC1E 6BT","10007784"
"UCL  Main Campus","9.0","36.0","0","E9"," WC1E 6BT","10007784"
"UCL  Main Campus","3.0","19.0","0","EC1"," WC1E 6BT","10007784"
"UCL  Main Campus","3.0","13.0","0","EC1A"," WC1E 6BT","10007784"
"UCL  Main Campus","3.0","15.0","0","EC1M"," WC1E 6BT","10007784"
"UCL  Main Campus","3.0","15.0","0","EC1N"," WC1E 6BT","10007784"
"UCL  Main Campus","3.0","20.0","0","EC1R"," WC1E 6BT","10007784"
"UCL  Main Campus","4.0","22.0","0","EC1V"," WC1E 6BT","10007784"
"UCL  Main Campus","4.0","19.0","0","EC1Y"," WC1E 6BT","10007784"
"UCL  Main Campus","4.0","16.0","0","EC2"," WC1E 6BT","10007784"
"UCL  Main Campus","4.0","20.0","0","EC2A"," WC1E 6BT","10007784"
"UCL  Main Campus","4.0","15.0","0","EC2M"," WC1E 6BT","10007784"
"UCL  Main Campus","4.0","17.0","0","EC2N"," WC1E 6BT","10007784"
"UCL  Main Campus","4.0","19.0","0","EC2P"," WC1E 6BT","10007784"
"UCL  Main Campus","4.0","18.0","0","EC2R"," WC1E 6BT","10007784"
"UCL  Main Campus","4.0","20.0","0","EC2V"," WC1E 6BT","10007784"
"UCL  Main Campus","3.0","14.0","0","EC2Y"," WC1E 6BT","10007784"
"UCL  Main Campus","5.0","23.0","0","EC3"," WC1E 6BT","10007784"
"UCL  Main Campus","5.0","21.0","0","EC3A"," WC1E 6BT","10007784"
"UCL  Main Campus","5.0","24.0","0","EC3M"," WC1E 6BT","10007784"
"UCL  Main Campus","5.0","19.0","0","EC3N"," WC1E 6BT","10007784"
"UCL  Main Campus","3.0","14.0","0","EC3P"," WC1E 6BT","10007784"
"UCL  Main Campus","6.0","23.0","0","EC3R"," WC1E 6BT","10007784"
"UCL  Main Campus","5.0","22.0","0","EC3V"," WC1E 6BT","10007784"
"UCL  Main Campus","3.0","22.0","0","EC4"," WC1E 6BT","10007784"
"UCL  Main Campus","3.0","20.0","0","EC4A"," WC1E 6BT","10007784"
"UCL  Main Campus","3.0","22.0","0","EC4M"," WC1E 6BT","10007784"
"UCL  Main Campus","4.0","22.0","0","EC4N"," WC1E 6BT","10007784"
"UCL  Main Campus","7.0","23.0","0","EC4R"," WC1E 6BT","10007784"
"UCL  Main Campus","4.0","25.0","0","EC4V"," WC1E 6BT","10007784"
"UCL  Main Campus","3.0","22.0","0","EC4Y"," WC1E 6BT","10007784"
"UCL  Main Campus","633.0","275.0","0","EH1"," WC1E 6BT","10007784"
"UCL  Main Campus","638.0","313.0","0","EH10"," WC1E 6BT","10007784"
"UCL  Main Campus","638.0","312.0","0","EH11"," WC1E 6BT","10007784"
"UCL  Main Campus","638.0","305.0","0","EH12"," WC1E 6BT","10007784"
"UCL  Main Campus","640.0","319.0","0","EH13"," WC1E 6BT","10007784"
"UCL  Main Campus","641.0","307.0","0","EH14"," WC1E 6BT","10007784"
"UCL  Main Campus","639.0","309.0","0","EH15"," WC1E 6BT","10007784"
"UCL  Main Campus","637.0","307.0","0","EH16"," WC1E 6BT","10007784"
"UCL  Main Campus","639.0","314.0","0","EH17"," WC1E 6BT","10007784"
"UCL  Main Campus","642.0","326.0","0","EH18"," WC1E 6BT","10007784"
"UCL  Main Campus","644.0","324.0","0","EH19"," WC1E 6BT","10007784"
"UCL  Main Campus","633.0","280.0","0","EH2"," WC1E 6BT","10007784"
"UCL  Main Campus","642.0","330.0","0","EH20"," WC1E 6BT","10007784"
"UCL  Main Campus","645.0","318.0","0","EH21"," WC1E 6BT","10007784"
"UCL  Main Campus","647.0","338.0","0","EH22"," WC1E 6BT","10007784"
"UCL  Main Campus","653.0","358.0","0","EH23"," WC1E 6BT","10007784"
"UCL  Main Campus","648.0","355.0","0","EH24"," WC1E 6BT","10007784"
"UCL  Main Campus","644.0","327.0","0","EH25"," WC1E 6BT","10007784"
"UCL  Main Campus","647.0","323.0","0","EH26"," WC1E 6BT","10007784"
"UCL  Main Campus","651.0","314.0","0","EH27"," WC1E 6BT","10007784"
"UCL  Main Campus","648.0","361.0","0","EH28"," WC1E 6BT","10007784"
"UCL  Main Campus","649.0","349.0","0","EH29"," WC1E 6BT","10007784"
"UCL  Main Campus","633.0","285.0","0","EH3"," WC1E 6BT","10007784"
"UCL  Main Campus","648.0","313.0","0","EH30"," WC1E 6BT","10007784"
"UCL  Main Campus","668.0","335.0","0","EH31"," WC1E 6BT","10007784"
"UCL  Main Campus","659.0","343.0","0","EH32"," WC1E 6BT","10007784"
"UCL  Main Campus","649.0","338.0","0","EH33"," WC1E 6BT","10007784"
"UCL  Main Campus","659.0","359.0","0","EH34"," WC1E 6BT","10007784"
"UCL  Main Campus","654.0","345.0","0","EH35"," WC1E 6BT","10007784"
"UCL  Main Campus","704.0","696.0","0","EH36"," WC1E 6BT","10007784"
"UCL  Main Campus","651.0","385.0","0","EH37"," WC1E 6BT","10007784"
"UCL  Main Campus","670.0","352.0","0","EH39"," WC1E 6BT","10007784"
"UCL  Main Campus","638.0","312.0","0","EH4"," WC1E 6BT","10007784"
"UCL  Main Campus","599.0","344.0","0","EH40"," WC1E 6BT","10007784"
"UCL  Main Campus","660.0","356.0","0","EH41"," WC1E 6BT","10007784"
"UCL  Main Campus","680.0","326.0","0","EH42"," WC1E 6BT","10007784"
"UCL  Main Campus","695.0","398.0","0","EH43"," WC1E 6BT","10007784"
"UCL  Main Campus","678.0","366.0","0","EH44"," WC1E 6BT","10007784"
"UCL  Main Campus","668.0","349.0","0","EH45"," WC1E 6BT","10007784"
"UCL  Main Campus","662.0","415.0","0","EH46"," WC1E 6BT","10007784"
"UCL  Main Campus","673.0","382.0","0","EH47"," WC1E 6BT","10007784"
"UCL  Main Campus","665.0","347.0","0","EH48"," WC1E 6BT","10007784"
"UCL  Main Campus","661.0","313.0","0","EH49"," WC1E 6BT","10007784"
"UCL  Main Campus","636.0","312.0","0","EH5"," WC1E 6BT","10007784"
"UCL  Main Campus","688.0","363.0","0","EH51"," WC1E 6BT","10007784"
"UCL  Main Campus","652.0","342.0","0","EH52"," WC1E 6BT","10007784"
"UCL  Main Campus","654.0","353.0","0","EH53"," WC1E 6BT","10007784"
"UCL  Main Campus","659.0","334.0","0","EH54"," WC1E 6BT","10007784"
"UCL  Main Campus","660.0","326.0","0","EH55"," WC1E 6BT","10007784"
"UCL  Main Campus","635.0","306.0","0","EH6"," WC1E 6BT","10007784"
"UCL  Main Campus","635.0","297.0","0","EH7"," WC1E 6BT","10007784"
"UCL  Main Campus","635.0","301.0","0","EH8"," WC1E 6BT","10007784"
"UCL  Main Campus","635.0","301.0","0","EH9"," WC1E 6BT","10007784"
"UCL  Main Campus","19.0","60.0","0","EN1"," WC1E 6BT","10007784"
"UCL  Main Campus","29.0","59.0","0","EN10"," WC1E 6BT","10007784"
"UCL  Main Campus","32.0","65.0","0","EN11"," WC1E 6BT","10007784"
"UCL  Main Campus","18.0","51.0","0","EN2"," WC1E 6BT","10007784"
"UCL  Main Campus","19.0","41.0","0","EN3"," WC1E 6BT","10007784"
"UCL  Main Campus","18.0","55.0","0","EN4"," WC1E 6BT","10007784"
"UCL  Main Campus","17.0","38.0","0","EN5"," WC1E 6BT","10007784"
"UCL  Main Campus","24.0","60.0","0","EN6"," WC1E 6BT","10007784"
"UCL  Main Campus","27.0","67.0","0","EN7"," WC1E 6BT","10007784"
"UCL  Main Campus","24.0","53.0","0","EN8"," WC1E 6BT","10007784"
"UCL  Main Campus","25.0","65.0","0","EN9"," WC1E 6BT","10007784"
"UCL  Main Campus","286.0","172.0","0","EX1"," WC1E 6BT","10007784"
"UCL  Main Campus","307.0","208.0","0","EX10"," WC1E 6BT","10007784"
"UCL  Main Campus","303.0","222.0","0","EX11"," WC1E 6BT","10007784"
"UCL  Main Campus","325.0","257.0","0","EX12"," WC1E 6BT","10007784"
"UCL  Main Campus","237.0","202.0","0","EX13"," WC1E 6BT","10007784"
"UCL  Main Campus","312.0","216.0","0","EX14"," WC1E 6BT","10007784"
"UCL  Main Campus","323.0","532.0","0","EX15"," WC1E 6BT","10007784"
"UCL  Main Campus","306.0","223.0","0","EX16"," WC1E 6BT","10007784"
"UCL  Main Campus","301.0","259.0","0","EX17"," WC1E 6BT","10007784"
"UCL  Main Campus","320.0","256.0","0","EX18"," WC1E 6BT","10007784"
"UCL  Main Campus","286.0","178.0","0","EX2"," WC1E 6BT","10007784"
"UCL  Main Campus","319.0","267.0","0","EX20"," WC1E 6BT","10007784"
"UCL  Main Campus","386.0","327.0","0","EX22"," WC1E 6BT","10007784"
"UCL  Main Campus","432.0","387.0","0","EX23"," WC1E 6BT","10007784"
"UCL  Main Campus","245.0","252.0","0","EX24"," WC1E 6BT","10007784"
"UCL  Main Campus","292.0","179.0","0","EX3"," WC1E 6BT","10007784"
"UCL  Main Campus","346.0","260.0","0","EX31"," WC1E 6BT","10007784"
"UCL  Main Campus","349.0","300.0","0","EX32"," WC1E 6BT","10007784"
"UCL  Main Campus","355.0","286.0","0","EX33"," WC1E 6BT","10007784"
"UCL  Main Campus","368.0","323.0","0","EX34"," WC1E 6BT","10007784"
"UCL  Main Campus","373.0","330.0","0","EX35"," WC1E 6BT","10007784"
"UCL  Main Campus","338.0","640.0","0","EX36"," WC1E 6BT","10007784"
"UCL  Main Campus","363.0","288.0","0","EX38"," WC1E 6BT","10007784"
"UCL  Main Campus","361.0","339.0","0","EX39"," WC1E 6BT","10007784"
"UCL  Main Campus","283.0","161.0","0","EX4"," WC1E 6BT","10007784"
"UCL  Main Campus","291.0","191.0","0","EX5"," WC1E 6BT","10007784"
"UCL  Main Campus","291.0","258.0","0","EX6"," WC1E 6BT","10007784"
"UCL  Main Campus","328.0","208.0","0","EX7"," WC1E 6BT","10007784"
"UCL  Main Campus","301.0","207.0","0","EX8"," WC1E 6BT","10007784"
"UCL  Main Campus","311.0","225.0","0","EX9"," WC1E 6BT","10007784"
"UCL  Main Campus","50.0","77.0","0","GU1"," WC1E 6BT","10007784"
"UCL  Main Campus","67.0","102.0","0","GU10"," WC1E 6BT","10007784"
"UCL  Main Campus","60.0","83.0","0","GU11"," WC1E 6BT","10007784"
"UCL  Main Campus","59.0","99.0","0","GU12"," WC1E 6BT","10007784"
"UCL  Main Campus","67.0","105.0","0","GU13"," WC1E 6BT","10007784"
"UCL  Main Campus","58.0","77.0","0","GU14"," WC1E 6BT","10007784"
"UCL  Main Campus","61.0","105.0","0","GU15"," WC1E 6BT","10007784"
"UCL  Main Campus","61.0","95.0","0","GU16"," WC1E 6BT","10007784"
"UCL  Main Campus","83.0","82.0","0","GU17"," WC1E 6BT","10007784"
"UCL  Main Campus","55.0","106.0","0","GU18"," WC1E 6BT","10007784"
"UCL  Main Campus","56.0","98.0","0","GU19"," WC1E 6BT","10007784"
"UCL  Main Campus","54.0","73.0","0","GU2"," WC1E 6BT","10007784"
"UCL  Main Campus","71.0","112.0","0","GU20"," WC1E 6BT","10007784"
"UCL  Main Campus","45.0","65.0","0","GU21"," WC1E 6BT","10007784"
"UCL  Main Campus","44.0","61.0","0","GU22"," WC1E 6BT","10007784"
"UCL  Main Campus","50.0","98.0","0","GU23"," WC1E 6BT","10007784"
"UCL  Main Campus","49.0","90.0","0","GU24"," WC1E 6BT","10007784"
"UCL  Main Campus","42.0","77.0","0","GU25"," WC1E 6BT","10007784"
"UCL  Main Campus","78.0","108.0","0","GU26"," WC1E 6BT","10007784"
"UCL  Main Campus","74.0","90.0","0","GU27"," WC1E 6BT","10007784"
"UCL  Main Campus","94.0","121.0","0","GU28"," WC1E 6BT","10007784"
"UCL  Main Campus","87.0","116.0","0","GU29"," WC1E 6BT","10007784"
"UCL  Main Campus","57.0","90.0","0","GU3"," WC1E 6BT","10007784"
"UCL  Main Campus","79.0","88.0","0","GU30"," WC1E 6BT","10007784"
"UCL  Main Campus","98.0","169.0","0","GU31"," WC1E 6BT","10007784"
"UCL  Main Campus","94.0","110.0","0","GU32"," WC1E 6BT","10007784"
"UCL  Main Campus","87.0","103.0","0","GU33"," WC1E 6BT","10007784"
"UCL  Main Campus","81.0","109.0","0","GU34"," WC1E 6BT","10007784"
"UCL  Main Campus","86.0","124.0","0","GU35"," WC1E 6BT","10007784"
"UCL  Main Campus","56.0","83.0","0","GU4"," WC1E 6BT","10007784"
"UCL  Main Campus","86.0","107.0","0","GU46"," WC1E 6BT","10007784"
"UCL  Main Campus","86.0","110.0","0","GU47"," WC1E 6BT","10007784"
"UCL  Main Campus","62.0","122.0","0","GU5"," WC1E 6BT","10007784"
"UCL  Main Campus","63.0","85.0","0","GU51"," WC1E 6BT","10007784"
"UCL  Main Campus","67.0","110.0","0","GU52"," WC1E 6BT","10007784"
"UCL  Main Campus","67.0","108.0","0","GU6"," WC1E 6BT","10007784"
"UCL  Main Campus","60.0","83.0","0","GU7"," WC1E 6BT","10007784"
"UCL  Main Campus","64.0","107.0","0","GU8"," WC1E 6BT","10007784"
"UCL  Main Campus","65.0","89.0","0","GU9"," WC1E 6BT","10007784"
"UCL  Main Campus","14.0","38.0","0","HA0"," WC1E 6BT","10007784"
"UCL  Main Campus","17.0","28.0","0","HA1"," WC1E 6BT","10007784"
"UCL  Main Campus","19.0","41.0","0","HA2"," WC1E 6BT","10007784"
"UCL  Main Campus","18.0","50.0","0","HA3"," WC1E 6BT","10007784"
"UCL  Main Campus","23.0","43.0","0","HA4"," WC1E 6BT","10007784"
"UCL  Main Campus","20.0","43.0","0","HA5"," WC1E 6BT","10007784"
"UCL  Main Campus","24.0","50.0","0","HA6"," WC1E 6BT","10007784"
"UCL  Main Campus","19.0","50.0","0","HA7"," WC1E 6BT","10007784"
"UCL  Main Campus","16.0","42.0","0","HA8"," WC1E 6BT","10007784"
"UCL  Main Campus","13.0","35.0","0","HA9"," WC1E 6BT","10007784"
"UCL  Main Campus","41.0","55.0","0","HP1"," WC1E 6BT","10007784"
"UCL  Main Campus","47.0","95.0","0","HP10"," WC1E 6BT","10007784"
"UCL  Main Campus","50.0","79.0","0","HP11"," WC1E 6BT","10007784"
"UCL  Main Campus","50.0","82.0","0","HP12"," WC1E 6BT","10007784"
"UCL  Main Campus","47.0","62.0","0","HP13"," WC1E 6BT","10007784"
"UCL  Main Campus","53.0","96.0","0","HP14"," WC1E 6BT","10007784"
"UCL  Main Campus","51.0","75.0","0","HP15"," WC1E 6BT","10007784"
"UCL  Main Campus","49.0","75.0","0","HP16"," WC1E 6BT","10007784"
"UCL  Main Campus","74.0","100.0","0","HP17"," WC1E 6BT","10007784"
"UCL  Main Campus","79.0","187.0","0","HP18"," WC1E 6BT","10007784"
"UCL  Main Campus","65.0","91.0","0","HP19"," WC1E 6BT","10007784"
"UCL  Main Campus","37.0","81.0","0","HP2"," WC1E 6BT","10007784"
"UCL  Main Campus","64.0","95.0","0","HP20"," WC1E 6BT","10007784"
"UCL  Main Campus","65.0","96.0","0","HP21"," WC1E 6BT","10007784"
"UCL  Main Campus","62.0","88.0","0","HP22"," WC1E 6BT","10007784"
"UCL  Main Campus","54.0","68.0","0","HP23"," WC1E 6BT","10007784"
"UCL  Main Campus","61.0","80.0","0","HP27"," WC1E 6BT","10007784"
"UCL  Main Campus","38.0","50.0","0","HP3"," WC1E 6BT","10007784"
"UCL  Main Campus","46.0","47.0","0","HP4"," WC1E 6BT","10007784"
"UCL  Main Campus","44.0","75.0","0","HP5"," WC1E 6BT","10007784"
"UCL  Main Campus","41.0","70.0","0","HP6"," WC1E 6BT","10007784"
"UCL  Main Campus","41.0","72.0","0","HP7"," WC1E 6BT","10007784"
"UCL  Main Campus","40.0","65.0","0","HP8"," WC1E 6BT","10007784"
"UCL  Main Campus","40.0","53.0","0","HP9"," WC1E 6BT","10007784"
"UCL  Main Campus","17.0","51.0","0","IG1"," WC1E 6BT","10007784"
"UCL  Main Campus","25.0","69.0","0","IG10"," WC1E 6BT","10007784"
"UCL  Main Campus","18.0","55.0","0","IG11"," WC1E 6BT","10007784"
"UCL  Main Campus","22.0","57.0","0","IG2"," WC1E 6BT","10007784"
"UCL  Main Campus","19.0","52.0","0","IG3"," WC1E 6BT","10007784"
"UCL  Main Campus","18.0","52.0","0","IG4"," WC1E 6BT","10007784"
"UCL  Main Campus","21.0","58.0","0","IG5"," WC1E 6BT","10007784"
"UCL  Main Campus","24.0","49.0","0","IG6"," WC1E 6BT","10007784"
"UCL  Main Campus","25.0","54.0","0","IG7"," WC1E 6BT","10007784"
"UCL  Main Campus","19.0","52.0","0","IG8"," WC1E 6BT","10007784"
"UCL  Main Campus","22.0","62.0","0","IG9"," WC1E 6BT","10007784"
"UCL  Main Campus","25.0","66.0","0","KT1"," WC1E 6BT","10007784"
"UCL  Main Campus","28.0","73.0","0","KT10"," WC1E 6BT","10007784"
"UCL  Main Campus","35.0","76.0","0","KT11"," WC1E 6BT","10007784"
"UCL  Main Campus","31.0","71.0","0","KT12"," WC1E 6BT","10007784"
"UCL  Main Campus","35.0","80.0","0","KT13"," WC1E 6BT","10007784"
"UCL  Main Campus","40.0","72.0","0","KT14"," WC1E 6BT","10007784"
"UCL  Main Campus","39.0","98.0","0","KT15"," WC1E 6BT","10007784"
"UCL  Main Campus","40.0","84.0","0","KT16"," WC1E 6BT","10007784"
"UCL  Main Campus","28.0","75.0","0","KT17"," WC1E 6BT","10007784"
"UCL  Main Campus","33.0","99.0","0","KT18"," WC1E 6BT","10007784"
"UCL  Main Campus","25.0","71.0","0","KT19"," WC1E 6BT","10007784"
"UCL  Main Campus","22.0","63.0","0","KT2"," WC1E 6BT","10007784"
"UCL  Main Campus","38.0","94.0","0","KT20"," WC1E 6BT","10007784"
"UCL  Main Campus","30.0","68.0","0","KT21"," WC1E 6BT","10007784"
"UCL  Main Campus","33.0","68.0","0","KT22"," WC1E 6BT","10007784"
"UCL  Main Campus","41.0","107.0","0","KT23"," WC1E 6BT","10007784"
"UCL  Main Campus","40.0","83.0","0","KT24"," WC1E 6BT","10007784"
"UCL  Main Campus","20.0","60.0","0","KT3"," WC1E 6BT","10007784"
"UCL  Main Campus","21.0","48.0","0","KT4"," WC1E 6BT","10007784"
"UCL  Main Campus","24.0","60.0","0","KT5"," WC1E 6BT","10007784"
"UCL  Main Campus","23.0","50.0","0","KT6"," WC1E 6BT","10007784"
"UCL  Main Campus","25.0","78.0","0","KT7"," WC1E 6BT","10007784"
"UCL  Main Campus","28.0","70.0","0","KT8"," WC1E 6BT","10007784"
"UCL  Main Campus","25.0","60.0","0","KT9"," WC1E 6BT","10007784"
"UCL  Main Campus","51.0","66.0","0","LU1"," WC1E 6BT","10007784"
"UCL  Main Campus","52.0","67.0","0","LU2"," WC1E 6BT","10007784"
"UCL  Main Campus","54.0","70.0","0","LU3"," WC1E 6BT","10007784"
"UCL  Main Campus","58.0","78.0","0","LU4"," WC1E 6BT","10007784"
"UCL  Main Campus","58.0","86.0","0","LU5"," WC1E 6BT","10007784"
"UCL  Main Campus","60.0","93.0","0","LU6"," WC1E 6BT","10007784"
"UCL  Main Campus","67.0","70.0","0","LU7"," WC1E 6BT","10007784"
"UCL  Main Campus","57.0","78.0","0","ME1"," WC1E 6BT","10007784"
"UCL  Main Campus","72.0","79.0","0","ME10"," WC1E 6BT","10007784"
"UCL  Main Campus","82.0","102.0","0","ME11"," WC1E 6BT","10007784"
"UCL  Main Campus","87.0","116.0","0","ME12"," WC1E 6BT","10007784"
"UCL  Main Campus","84.0","98.0","0","ME13"," WC1E 6BT","10007784"
"UCL  Main Campus","87.0","118.0","0","ME14"," WC1E 6BT","10007784"
"UCL  Main Campus","71.0","124.0","0","ME15"," WC1E 6BT","10007784"
"UCL  Main Campus","71.0","96.0","0","ME16"," WC1E 6BT","10007784"
"UCL  Main Campus","86.0","134.0","0","ME17"," WC1E 6BT","10007784"
"UCL  Main Campus","68.0","98.0","0","ME18"," WC1E 6BT","10007784"
"UCL  Main Campus","60.0","87.0","0","ME19"," WC1E 6BT","10007784"
"UCL  Main Campus","54.0","67.0","0","ME2"," WC1E 6BT","10007784"
"UCL  Main Campus","66.0","87.0","0","ME20"," WC1E 6BT","10007784"
"UCL  Main Campus","60.0","99.0","0","ME3"," WC1E 6BT","10007784"
"UCL  Main Campus","56.0","67.0","0","ME4"," WC1E 6BT","10007784"
"UCL  Main Campus","61.0","92.0","0","ME5"," WC1E 6BT","10007784"
"UCL  Main Campus","62.0","80.0","0","ME6"," WC1E 6BT","10007784"
"UCL  Main Campus","58.0","76.0","0","ME7"," WC1E 6BT","10007784"
"UCL  Main Campus","64.0","83.0","0","ME8"," WC1E 6BT","10007784"
"UCL  Main Campus","73.0","90.0","0","ME9"," WC1E 6BT","10007784"
"UCL  Main Campus","89.0","79.0","0","MK1"," WC1E 6BT","10007784"
"UCL  Main Campus","86.0","84.0","0","MK10"," WC1E 6BT","10007784"
"UCL  Main Campus","87.0","69.0","0","MK11"," WC1E 6BT","10007784"
"UCL  Main Campus","86.0","70.0","0","MK12"," WC1E 6BT","10007784"
"UCL  Main Campus","83.0","57.0","0","MK13"," WC1E 6BT","10007784"
"UCL  Main Campus","87.0","77.0","0","MK14"," WC1E 6BT","10007784"
"UCL  Main Campus","85.0","72.0","0","MK15"," WC1E 6BT","10007784"
"UCL  Main Campus","90.0","81.0","0","MK16"," WC1E 6BT","10007784"
"UCL  Main Campus","93.0","96.0","0","MK17"," WC1E 6BT","10007784"
"UCL  Main Campus","98.0","90.0","0","MK18"," WC1E 6BT","10007784"
"UCL  Main Campus","100.0","105.0","0","MK19"," WC1E 6BT","10007784"
"UCL  Main Campus","87.0","60.0","0","MK2"," WC1E 6BT","10007784"
"UCL  Main Campus","90.0","67.0","0","MK3"," WC1E 6BT","10007784"
"UCL  Main Campus","85.0","67.0","0","MK4"," WC1E 6BT","10007784"
"UCL  Main Campus","82.0","71.0","0","MK40"," WC1E 6BT","10007784"
"UCL  Main Campus","84.0","91.0","0","MK41"," WC1E 6BT","10007784"
"UCL  Main Campus","83.0","107.0","0","MK42"," WC1E 6BT","10007784"
"UCL  Main Campus","101.0","155.0","0","MK43"," WC1E 6BT","10007784"
"UCL  Main Campus","104.0","165.0","0","MK44"," WC1E 6BT","10007784"
"UCL  Main Campus","75.0","140.0","0","MK45"," WC1E 6BT","10007784"
"UCL  Main Campus","100.0","140.0","0","MK46"," WC1E 6BT","10007784"
"UCL  Main Campus","83.0","63.0","0","MK5"," WC1E 6BT","10007784"
"UCL  Main Campus","84.0","67.0","0","MK6"," WC1E 6BT","10007784"
"UCL  Main Campus","80.0","82.0","0","MK7"," WC1E 6BT","10007784"
"UCL  Main Campus","83.0","61.0","0","MK8"," WC1E 6BT","10007784"
"UCL  Main Campus","82.0","53.0","0","MK9"," WC1E 6BT","10007784"
"UCL  Main Campus","3.0","29.0","0","N1"," WC1E 6BT","10007784"
"UCL  Main Campus","9.0","37.0","0","N10"," WC1E 6BT","10007784"
"UCL  Main Campus","13.0","43.0","0","N11"," WC1E 6BT","10007784"
"UCL  Main Campus","14.0","42.0","0","N12"," WC1E 6BT","10007784"
"UCL  Main Campus","13.0","42.0","0","N13"," WC1E 6BT","10007784"
"UCL  Main Campus","15.0","43.0","0","N14"," WC1E 6BT","10007784"
"UCL  Main Campus","10.0","24.0","0","N15"," WC1E 6BT","10007784"
"UCL  Main Campus","7.0","45.0","0","N16"," WC1E 6BT","10007784"
"UCL  Main Campus","11.0","32.0","0","N17"," WC1E 6BT","10007784"
"UCL  Main Campus","12.0","50.0","0","N18"," WC1E 6BT","10007784"
"UCL  Main Campus","6.0","24.0","0","N19"," WC1E 6BT","10007784"
"UCL  Main Campus","9.0","29.0","0","N2"," WC1E 6BT","10007784"
"UCL  Main Campus","15.0","40.0","0","N20"," WC1E 6BT","10007784"
"UCL  Main Campus","15.0","49.0","0","N21"," WC1E 6BT","10007784"
"UCL  Main Campus","10.0","32.0","0","N22"," WC1E 6BT","10007784"
"UCL  Main Campus","11.0","26.0","0","N3"," WC1E 6BT","10007784"
"UCL  Main Campus","7.0","24.0","0","N4"," WC1E 6BT","10007784"
"UCL  Main Campus","5.0","23.0","0","N5"," WC1E 6BT","10007784"
"UCL  Main Campus","6.0","34.0","0","N6"," WC1E 6BT","10007784"
"UCL  Main Campus","4.0","14.0","0","N7"," WC1E 6BT","10007784"
"UCL  Main Campus","8.0","43.0","0","N8"," WC1E 6BT","10007784"
"UCL  Main Campus","14.0","59.0","0","N9"," WC1E 6BT","10007784"
"UCL  Main Campus","433.0","193.0","0","NE1"," WC1E 6BT","10007784"
"UCL  Main Campus","438.0","206.0","0","NE10"," WC1E 6BT","10007784"
"UCL  Main Campus","437.0","215.0","0","NE11"," WC1E 6BT","10007784"
"UCL  Main Campus","442.0","237.0","0","NE12"," WC1E 6BT","10007784"
"UCL  Main Campus","444.0","246.0","0","NE13"," WC1E 6BT","10007784"
"UCL  Main Campus","440.0","218.0","0","NE15"," WC1E 6BT","10007784"
"UCL  Main Campus","441.0","236.0","0","NE16"," WC1E 6BT","10007784"
"UCL  Main Campus","451.0","247.0","0","NE17"," WC1E 6BT","10007784"
"UCL  Main Campus","490.0","297.0","0","NE18"," WC1E 6BT","10007784"
"UCL  Main Campus","435.0","208.0","0","NE2"," WC1E 6BT","10007784"
"UCL  Main Campus","451.0","262.0","0","NE20"," WC1E 6BT","10007784"
"UCL  Main Campus","441.0","217.0","0","NE21"," WC1E 6BT","10007784"
"UCL  Main Campus","456.0","255.0","0","NE22"," WC1E 6BT","10007784"
"UCL  Main Campus","450.0","240.0","0","NE23"," WC1E 6BT","10007784"
"UCL  Main Campus","456.0","266.0","0","NE24"," WC1E 6BT","10007784"
"UCL  Main Campus","448.0","244.0","0","NE25"," WC1E 6BT","10007784"
"UCL  Main Campus","451.0","244.0","0","NE26"," WC1E 6BT","10007784"
"UCL  Main Campus","446.0","234.0","0","NE27"," WC1E 6BT","10007784"
"UCL  Main Campus","441.0","234.0","0","NE28"," WC1E 6BT","10007784"
"UCL  Main Campus","449.0","247.0","0","NE29"," WC1E 6BT","10007784"
"UCL  Main Campus","440.0","217.0","0","NE3"," WC1E 6BT","10007784"
"UCL  Main Campus","453.0","248.0","0","NE30"," WC1E 6BT","10007784"
"UCL  Main Campus","442.0","216.0","0","NE31"," WC1E 6BT","10007784"
"UCL  Main Campus","446.0","233.0","0","NE32"," WC1E 6BT","10007784"
"UCL  Main Campus","449.0","224.0","0","NE33"," WC1E 6BT","10007784"
"UCL  Main Campus","451.0","233.0","0","NE34"," WC1E 6BT","10007784"
"UCL  Main Campus","445.0","232.0","0","NE35"," WC1E 6BT","10007784"
"UCL  Main Campus","448.0","230.0","0","NE36"," WC1E 6BT","10007784"
"UCL  Main Campus","444.0","223.0","0","NE37"," WC1E 6BT","10007784"
"UCL  Main Campus","444.0","242.0","0","NE38"," WC1E 6BT","10007784"
"UCL  Main Campus","446.0","246.0","0","NE39"," WC1E 6BT","10007784"
"UCL  Main Campus","435.0","204.0","0","NE4"," WC1E 6BT","10007784"
"UCL  Main Campus","444.0","239.0","0","NE40"," WC1E 6BT","10007784"
"UCL  Main Campus","449.0","209.0","0","NE41"," WC1E 6BT","10007784"
"UCL  Main Campus","449.0","251.0","0","NE42"," WC1E 6BT","10007784"
"UCL  Main Campus","454.0","254.0","0","NE43"," WC1E 6BT","10007784"
"UCL  Main Campus","458.0","267.0","0","NE44"," WC1E 6BT","10007784"
"UCL  Main Campus","461.0","252.0","0","NE45"," WC1E 6BT","10007784"
"UCL  Main Campus","470.0","264.0","0","NE46"," WC1E 6BT","10007784"
"UCL  Main Campus","482.0","315.0","0","NE47"," WC1E 6BT","10007784"
"UCL  Main Campus","494.0","322.0","0","NE48"," WC1E 6BT","10007784"
"UCL  Main Campus","495.0","276.0","0","NE49"," WC1E 6BT","10007784"
"UCL  Main Campus","439.0","229.0","0","NE5"," WC1E 6BT","10007784"
"UCL  Main Campus","437.0","216.0","0","NE6"," WC1E 6BT","10007784"
"UCL  Main Campus","462.0","265.0","0","NE61"," WC1E 6BT","10007784"
"UCL  Main Campus","466.0","265.0","0","NE62"," WC1E 6BT","10007784"
"UCL  Main Campus","462.0","264.0","0","NE63"," WC1E 6BT","10007784"
"UCL  Main Campus","468.0","283.0","0","NE64"," WC1E 6BT","10007784"
"UCL  Main Campus","478.0","343.0","0","NE65"," WC1E 6BT","10007784"
"UCL  Main Campus","499.0","350.0","0","NE66"," WC1E 6BT","10007784"
"UCL  Main Campus","507.0","309.0","0","NE67"," WC1E 6BT","10007784"
"UCL  Main Campus","578.0","308.0","0","NE68"," WC1E 6BT","10007784"
"UCL  Main Campus","572.0","301.0","0","NE69"," WC1E 6BT","10007784"
"UCL  Main Campus","439.0","217.0","0","NE7"," WC1E 6BT","10007784"
"UCL  Main Campus","565.0","286.0","0","NE70"," WC1E 6BT","10007784"
"UCL  Main Campus","575.0","302.0","0","NE71"," WC1E 6BT","10007784"
"UCL  Main Campus","435.0","206.0","0","NE8"," WC1E 6BT","10007784"
"UCL  Main Campus","438.0","225.0","0","NE9"," WC1E 6BT","10007784"
"UCL  Main Campus","433.0","191.0","0","NE99"," WC1E 6BT","10007784"
"UCL  Main Campus","208.0","138.0","0","NG1"," WC1E 6BT","10007784"
"UCL  Main Campus","223.0","146.0","0","NG10"," WC1E 6BT","10007784"
"UCL  Main Campus","214.0","165.0","0","NG11"," WC1E 6BT","10007784"
"UCL  Main Campus","218.0","172.0","0","NG12"," WC1E 6BT","10007784"
"UCL  Main Campus","191.0","123.0","0","NG13"," WC1E 6BT","10007784"
"UCL  Main Campus","223.0","207.0","0","NG14"," WC1E 6BT","10007784"
"UCL  Main Campus","221.0","177.0","0","NG15"," WC1E 6BT","10007784"
"UCL  Main Campus","228.0","181.0","0","NG16"," WC1E 6BT","10007784"
"UCL  Main Campus","231.0","194.0","0","NG17"," WC1E 6BT","10007784"
"UCL  Main Campus","236.0","200.0","0","NG18"," WC1E 6BT","10007784"
"UCL  Main Campus","238.0","197.0","0","NG19"," WC1E 6BT","10007784"
"UCL  Main Campus","209.0","145.0","0","NG2"," WC1E 6BT","10007784"
"UCL  Main Campus","247.0","233.0","0","NG20"," WC1E 6BT","10007784"
"UCL  Main Campus","235.0","182.0","0","NG22"," WC1E 6BT","10007784"
"UCL  Main Campus","197.0","106.0","0","NG24"," WC1E 6BT","10007784"
"UCL  Main Campus","207.0","134.0","0","NG25"," WC1E 6BT","10007784"
"UCL  Main Campus","210.0","153.0","0","NG3"," WC1E 6BT","10007784"
"UCL  Main Campus","172.0","96.0","0","NG31"," WC1E 6BT","10007784"
"UCL  Main Campus","177.0","124.0","0","NG32"," WC1E 6BT","10007784"
"UCL  Main Campus","201.0","131.0","0","NG34"," WC1E 6BT","10007784"
"UCL  Main Campus","214.0","164.0","0","NG4"," WC1E 6BT","10007784"
"UCL  Main Campus","214.0","170.0","0","NG5"," WC1E 6BT","10007784"
"UCL  Main Campus","216.0","166.0","0","NG6"," WC1E 6BT","10007784"
"UCL  Main Campus","210.0","155.0","0","NG7"," WC1E 6BT","10007784"
"UCL  Main Campus","214.0","170.0","0","NG8"," WC1E 6BT","10007784"
"UCL  Main Campus","215.0","166.0","0","NG9"," WC1E 6BT","10007784"
"UCL  Main Campus","108.0","79.0","0","NN1"," WC1E 6BT","10007784"
"UCL  Main Campus","117.0","140.0","0","NN10"," WC1E 6BT","10007784"
"UCL  Main Campus","133.0","147.0","0","NN11"," WC1E 6BT","10007784"
"UCL  Main Campus","101.0","103.0","0","NN12"," WC1E 6BT","10007784"
"UCL  Main Campus","112.0","118.0","0","NN13"," WC1E 6BT","10007784"
"UCL  Main Campus","121.0","133.0","0","NN14"," WC1E 6BT","10007784"
"UCL  Main Campus","119.0","104.0","0","NN15"," WC1E 6BT","10007784"
"UCL  Main Campus","118.0","107.0","0","NN16"," WC1E 6BT","10007784"
"UCL  Main Campus","130.0","117.0","0","NN17"," WC1E 6BT","10007784"
"UCL  Main Campus","131.0","129.0","0","NN18"," WC1E 6BT","10007784"
"UCL  Main Campus","110.0","86.0","0","NN2"," WC1E 6BT","10007784"
"UCL  Main Campus","112.0","132.0","0","NN29"," WC1E 6BT","10007784"
"UCL  Main Campus","112.0","97.0","0","NN3"," WC1E 6BT","10007784"
"UCL  Main Campus","104.0","86.0","0","NN4"," WC1E 6BT","10007784"
"UCL  Main Campus","110.0","90.0","0","NN5"," WC1E 6BT","10007784"
"UCL  Main Campus","118.0","113.0","0","NN6"," WC1E 6BT","10007784"
"UCL  Main Campus","112.0","111.0","0","NN7"," WC1E 6BT","10007784"
"UCL  Main Campus","107.0","94.0","0","NN8"," WC1E 6BT","10007784"
"UCL  Main Campus","114.0","123.0","0","NN9"," WC1E 6BT","10007784"
"UCL  Main Campus","223.0","162.0","0","NP10"," WC1E 6BT","10007784"
"UCL  Main Campus","234.0","201.0","0","NP11"," WC1E 6BT","10007784"
"UCL  Main Campus","239.0","199.0","0","NP12"," WC1E 6BT","10007784"
"UCL  Main Campus","249.0","211.0","0","NP13"," WC1E 6BT","10007784"
"UCL  Main Campus","238.0","185.0","0","NP15"," WC1E 6BT","10007784"
"UCL  Main Campus","242.0","187.0","0","NP16"," WC1E 6BT","10007784"
"UCL  Main Campus","223.0","174.0","0","NP18"," WC1E 6BT","10007784"
"UCL  Main Campus","220.0","155.0","0","NP19"," WC1E 6BT","10007784"
"UCL  Main Campus","218.0","138.0","0","NP20"," WC1E 6BT","10007784"
"UCL  Main Campus","253.0","235.0","0","NP22"," WC1E 6BT","10007784"
"UCL  Main Campus","286.0","252.0","0","NP23"," WC1E 6BT","10007784"
"UCL  Main Campus","248.0","224.0","0","NP24"," WC1E 6BT","10007784"
"UCL  Main Campus","276.0","260.0","0","NP25"," WC1E 6BT","10007784"
"UCL  Main Campus","235.0","170.0","0","NP26"," WC1E 6BT","10007784"
"UCL  Main Campus","234.0","216.0","0","NP4"," WC1E 6BT","10007784"
"UCL  Main Campus","226.0","167.0","0","NP44"," WC1E 6BT","10007784"
"UCL  Main Campus","251.0","194.0","0","NP7"," WC1E 6BT","10007784"
"UCL  Main Campus","261.0","207.0","0","NP8"," WC1E 6BT","10007784"
"UCL  Main Campus","190.0","137.0","0","NR1"," WC1E 6BT","10007784"
"UCL  Main Campus","205.0","199.0","0","NR10"," WC1E 6BT","10007784"
"UCL  Main Campus","215.0","200.0","0","NR11"," WC1E 6BT","10007784"
"UCL  Main Campus","223.0","217.0","0","NR12"," WC1E 6BT","10007784"
"UCL  Main Campus","202.0","192.0","0","NR13"," WC1E 6BT","10007784"
"UCL  Main Campus","200.0","190.0","0","NR14"," WC1E 6BT","10007784"
"UCL  Main Campus","205.0","202.0","0","NR15"," WC1E 6BT","10007784"
"UCL  Main Campus","222.0","213.0","0","NR16"," WC1E 6BT","10007784"
"UCL  Main Campus","181.0","156.0","0","NR17"," WC1E 6BT","10007784"
"UCL  Main Campus","189.0","143.0","0","NR18"," WC1E 6BT","10007784"
"UCL  Main Campus","203.0","186.0","0","NR19"," WC1E 6BT","10007784"
"UCL  Main Campus","192.0","161.0","0","NR2"," WC1E 6BT","10007784"
"UCL  Main Campus","209.0","247.0","0","NR20"," WC1E 6BT","10007784"
"UCL  Main Campus","195.0","182.0","0","NR21"," WC1E 6BT","10007784"
"UCL  Main Campus","201.0","192.0","0","NR22"," WC1E 6BT","10007784"
"UCL  Main Campus","208.0","202.0","0","NR23"," WC1E 6BT","10007784"
"UCL  Main Campus","211.0","219.0","0","NR24"," WC1E 6BT","10007784"
"UCL  Main Campus","244.0","277.0","0","NR25"," WC1E 6BT","10007784"
"UCL  Main Campus","232.0","238.0","0","NR26"," WC1E 6BT","10007784"
"UCL  Main Campus","225.0","214.0","0","NR27"," WC1E 6BT","10007784"
"UCL  Main Campus","215.0","228.0","0","NR28"," WC1E 6BT","10007784"
"UCL  Main Campus","240.0","287.0","0","NR29"," WC1E 6BT","10007784"
"UCL  Main Campus","192.0","163.0","0","NR3"," WC1E 6BT","10007784"
"UCL  Main Campus","222.0","213.0","0","NR30"," WC1E 6BT","10007784"
"UCL  Main Campus","225.0","221.0","0","NR31"," WC1E 6BT","10007784"
"UCL  Main Campus","230.0","220.0","0","NR32"," WC1E 6BT","10007784"
"UCL  Main Campus","192.0","208.0","0","NR33"," WC1E 6BT","10007784"
"UCL  Main Campus","184.0","208.0","0","NR34"," WC1E 6BT","10007784"
"UCL  Main Campus","184.0","189.0","0","NR35"," WC1E 6BT","10007784"
"UCL  Main Campus","193.0","158.0","0","NR4"," WC1E 6BT","10007784"
"UCL  Main Campus","195.0","172.0","0","NR5"," WC1E 6BT","10007784"
"UCL  Main Campus","195.0","173.0","0","NR6"," WC1E 6BT","10007784"
"UCL  Main Campus","194.0","166.0","0","NR7"," WC1E 6BT","10007784"
"UCL  Main Campus","199.0","183.0","0","NR8"," WC1E 6BT","10007784"
"UCL  Main Campus","205.0","237.0","0","NR9"," WC1E 6BT","10007784"
"UCL  Main Campus","1.0","13.0","0","NW1"," WC1E 6BT","10007784"
"UCL  Main Campus","8.0","51.0","0","NW10"," WC1E 6BT","10007784"
"UCL  Main Campus","8.0","30.0","0","NW11"," WC1E 6BT","10007784"
"UCL  Main Campus","8.0","43.0","0","NW2"," WC1E 6BT","10007784"
"UCL  Main Campus","5.0","23.0","0","NW3"," WC1E 6BT","10007784"
"UCL  Main Campus","11.0","38.0","0","NW4"," WC1E 6BT","10007784"
"UCL  Main Campus","4.0","25.0","0","NW5"," WC1E 6BT","10007784"
"UCL  Main Campus","6.0","23.0","0","NW6"," WC1E 6BT","10007784"
"UCL  Main Campus","18.0","62.0","0","NW7"," WC1E 6BT","10007784"
"UCL  Main Campus","3.0","22.0","0","NW8"," WC1E 6BT","10007784"
"UCL  Main Campus","16.0","50.0","0","NW9"," WC1E 6BT","10007784"
"UCL  Main Campus","106.0","91.0","0","OX1"," WC1E 6BT","10007784"
"UCL  Main Campus","84.0","106.0","0","OX10"," WC1E 6BT","10007784"
"UCL  Main Campus","90.0","82.0","0","OX11"," WC1E 6BT","10007784"
"UCL  Main Campus","109.0","128.0","0","OX12"," WC1E 6BT","10007784"
"UCL  Main Campus","106.0","136.0","0","OX13"," WC1E 6BT","10007784"
"UCL  Main Campus","101.0","102.0","0","OX14"," WC1E 6BT","10007784"
"UCL  Main Campus","120.0","126.0","0","OX15"," WC1E 6BT","10007784"
"UCL  Main Campus","113.0","96.0","0","OX16"," WC1E 6BT","10007784"
"UCL  Main Campus","120.0","136.0","0","OX17"," WC1E 6BT","10007784"
"UCL  Main Campus","134.0","147.0","0","OX18"," WC1E 6BT","10007784"
"UCL  Main Campus","106.0","90.0","0","OX2"," WC1E 6BT","10007784"
"UCL  Main Campus","113.0","122.0","0","OX20"," WC1E 6BT","10007784"
"UCL  Main Campus","126.0","161.0","0","OX25"," WC1E 6BT","10007784"
"UCL  Main Campus","91.0","87.0","0","OX26"," WC1E 6BT","10007784"
"UCL  Main Campus","123.0","127.0","0","OX28"," WC1E 6BT","10007784"
"UCL  Main Campus","124.0","157.0","0","OX29"," WC1E 6BT","10007784"
"UCL  Main Campus","80.0","97.0","0","OX3"," WC1E 6BT","10007784"
"UCL  Main Campus","82.0","106.0","0","OX33"," WC1E 6BT","10007784"
"UCL  Main Campus","81.0","117.0","0","OX39"," WC1E 6BT","10007784"
"UCL  Main Campus","110.0","109.0","0","OX4"," WC1E 6BT","10007784"
"UCL  Main Campus","118.0","145.0","0","OX44"," WC1E 6BT","10007784"
"UCL  Main Campus","106.0","186.0","0","OX49"," WC1E 6BT","10007784"
"UCL  Main Campus","106.0","115.0","0","OX5"," WC1E 6BT","10007784"
"UCL  Main Campus","114.0","114.0","0","OX6"," WC1E 6BT","10007784"
"UCL  Main Campus","135.0","148.0","0","OX7"," WC1E 6BT","10007784"
"UCL  Main Campus","122.0","126.0","0","OX8"," WC1E 6BT","10007784"
"UCL  Main Campus","74.0","105.0","0","OX9"," WC1E 6BT","10007784"
"UCL  Main Campus","61.0","53.0","0","RG1"," WC1E 6BT","10007784"
"UCL  Main Campus","53.0","62.0","0","RG10"," WC1E 6BT","10007784"
"UCL  Main Campus","56.0","92.0","0","RG12"," WC1E 6BT","10007784"
"UCL  Main Campus","88.0","83.0","0","RG14"," WC1E 6BT","10007784"
"UCL  Main Campus","83.0","75.0","0","RG19"," WC1E 6BT","10007784"
"UCL  Main Campus","65.0","81.0","0","RG2"," WC1E 6BT","10007784"
"UCL  Main Campus","90.0","98.0","0","RG20"," WC1E 6BT","10007784"
"UCL  Main Campus","81.0","77.0","0","RG21"," WC1E 6BT","10007784"
"UCL  Main Campus","85.0","98.0","0","RG22"," WC1E 6BT","10007784"
"UCL  Main Campus","85.0","104.0","0","RG23"," WC1E 6BT","10007784"
"UCL  Main Campus","82.0","96.0","0","RG24"," WC1E 6BT","10007784"
"UCL  Main Campus","93.0","145.0","0","RG25"," WC1E 6BT","10007784"
"UCL  Main Campus","92.0","113.0","0","RG26"," WC1E 6BT","10007784"
"UCL  Main Campus","85.0","122.0","0","RG27"," WC1E 6BT","10007784"
"UCL  Main Campus","99.0","93.0","0","RG28"," WC1E 6BT","10007784"
"UCL  Main Campus","94.0","115.0","0","RG29"," WC1E 6BT","10007784"
"UCL  Main Campus","64.0","68.0","0","RG30"," WC1E 6BT","10007784"
"UCL  Main Campus","66.0","79.0","0","RG31"," WC1E 6BT","10007784"
"UCL  Main Campus","64.0","69.0","0","RG4"," WC1E 6BT","10007784"
"UCL  Main Campus","73.0","81.0","0","RG40"," WC1E 6BT","10007784"
"UCL  Main Campus","74.0","79.0","0","RG41"," WC1E 6BT","10007784"
"UCL  Main Campus","58.0","102.0","0","RG42"," WC1E 6BT","10007784"
"UCL  Main Campus","87.0","109.0","0","RG45"," WC1E 6BT","10007784"
"UCL  Main Campus","66.0","75.0","0","RG5"," WC1E 6BT","10007784"
"UCL  Main Campus","65.0","74.0","0","RG6"," WC1E 6BT","10007784"
"UCL  Main Campus","72.0","97.0","0","RG7"," WC1E 6BT","10007784"
"UCL  Main Campus","77.0","124.0","0","RG8"," WC1E 6BT","10007784"
"UCL  Main Campus","79.0","117.0","0","RG9"," WC1E 6BT","10007784"
"UCL  Main Campus","41.0","96.0","0","RH1"," WC1E 6BT","10007784"
"UCL  Main Campus","52.0","87.0","0","RH10"," WC1E 6BT","10007784"
"UCL  Main Campus","56.0","80.0","0","RH11"," WC1E 6BT","10007784"
"UCL  Main Campus","66.0","89.0","0","RH12"," WC1E 6BT","10007784"
"UCL  Main Campus","72.0","129.0","0","RH13"," WC1E 6BT","10007784"
"UCL  Main Campus","80.0","138.0","0","RH14"," WC1E 6BT","10007784"
"UCL  Main Campus","71.0","81.0","0","RH15"," WC1E 6BT","10007784"
"UCL  Main Campus","66.0","99.0","0","RH16"," WC1E 6BT","10007784"
"UCL  Main Campus","67.0","113.0","0","RH17"," WC1E 6BT","10007784"
"UCL  Main Campus","58.0","114.0","0","RH18"," WC1E 6BT","10007784"
"UCL  Main Campus","53.0","95.0","0","RH19"," WC1E 6BT","10007784"
"UCL  Main Campus","40.0","66.0","0","RH2"," WC1E 6BT","10007784"
"UCL  Main Campus","91.0","126.0","0","RH20"," WC1E 6BT","10007784"
"UCL  Main Campus","43.0","84.0","0","RH3"," WC1E 6BT","10007784"
"UCL  Main Campus","41.0","83.0","0","RH4"," WC1E 6BT","10007784"
"UCL  Main Campus","50.0","132.0","0","RH5"," WC1E 6BT","10007784"
"UCL  Main Campus","46.0","63.0","0","RH6"," WC1E 6BT","10007784"
"UCL  Main Campus","47.0","86.0","0","RH7"," WC1E 6BT","10007784"
"UCL  Main Campus","38.0","82.0","0","RH8"," WC1E 6BT","10007784"
"UCL  Main Campus","46.0","122.0","0","RH9"," WC1E 6BT","10007784"
"UCL  Main Campus","25.0","63.0","0","RM1"," WC1E 6BT","10007784"
"UCL  Main Campus","23.0","64.0","0","RM10"," WC1E 6BT","10007784"
"UCL  Main Campus","28.0","71.0","0","RM11"," WC1E 6BT","10007784"
"UCL  Main Campus","27.0","72.0","0","RM12"," WC1E 6BT","10007784"
"UCL  Main Campus","26.0","79.0","0","RM13"," WC1E 6BT","10007784"
"UCL  Main Campus","30.0","71.0","0","RM14"," WC1E 6BT","10007784"
"UCL  Main Campus","37.0","105.0","0","RM15"," WC1E 6BT","10007784"
"UCL  Main Campus","46.0","105.0","0","RM16"," WC1E 6BT","10007784"
"UCL  Main Campus","44.0","96.0","0","RM17"," WC1E 6BT","10007784"
"UCL  Main Campus","49.0","116.0","0","RM18"," WC1E 6BT","10007784"
"UCL  Main Campus","33.0","70.0","0","RM19"," WC1E 6BT","10007784"
"UCL  Main Campus","26.0","62.0","0","RM2"," WC1E 6BT","10007784"
"UCL  Main Campus","41.0","94.0","0","RM20"," WC1E 6BT","10007784"
"UCL  Main Campus","30.0","78.0","0","RM3"," WC1E 6BT","10007784"
"UCL  Main Campus","34.0","97.0","0","RM4"," WC1E 6BT","10007784"
"UCL  Main Campus","28.0","79.0","0","RM5"," WC1E 6BT","10007784"
"UCL  Main Campus","22.0","66.0","0","RM6"," WC1E 6BT","10007784"
"UCL  Main Campus","25.0","66.0","0","RM7"," WC1E 6BT","10007784"
"UCL  Main Campus","22.0","68.0","0","RM8"," WC1E 6BT","10007784"
"UCL  Main Campus","21.0","62.0","0","RM9"," WC1E 6BT","10007784"
"UCL  Main Campus","7.0","27.0","0","SE1"," WC1E 6BT","10007784"
"UCL  Main Campus","15.0","53.0","0","SE10"," WC1E 6BT","10007784"
"UCL  Main Campus","5.0","20.0","0","SE11"," WC1E 6BT","10007784"
"UCL  Main Campus","16.0","55.0","0","SE12"," WC1E 6BT","10007784"
"UCL  Main Campus","14.0","53.0","0","SE13"," WC1E 6BT","10007784"
"UCL  Main Campus","11.0","45.0","0","SE14"," WC1E 6BT","10007784"
"UCL  Main Campus","12.0","53.0","0","SE15"," WC1E 6BT","10007784"
"UCL  Main Campus","12.0","27.0","0","SE16"," WC1E 6BT","10007784"
"UCL  Main Campus","6.0","31.0","0","SE17"," WC1E 6BT","10007784"
"UCL  Main Campus","21.0","74.0","0","SE18"," WC1E 6BT","10007784"
"UCL  Main Campus","15.0","63.0","0","SE19"," WC1E 6BT","10007784"
"UCL  Main Campus","24.0","75.0","0","SE2"," WC1E 6BT","10007784"
"UCL  Main Campus","16.0","60.0","0","SE20"," WC1E 6BT","10007784"
"UCL  Main Campus","12.0","49.0","0","SE21"," WC1E 6BT","10007784"
"UCL  Main Campus","12.0","69.0","0","SE22"," WC1E 6BT","10007784"
"UCL  Main Campus","16.0","48.0","0","SE23"," WC1E 6BT","10007784"
"UCL  Main Campus","11.0","43.0","0","SE24"," WC1E 6BT","10007784"
"UCL  Main Campus","20.0","51.0","0","SE25"," WC1E 6BT","10007784"
"UCL  Main Campus","17.0","46.0","0","SE26"," WC1E 6BT","10007784"
"UCL  Main Campus","13.0","51.0","0","SE27"," WC1E 6BT","10007784"
"UCL  Main Campus","24.0","82.0","0","SE28"," WC1E 6BT","10007784"
"UCL  Main Campus","15.0","53.0","0","SE3"," WC1E 6BT","10007784"
"UCL  Main Campus","13.0","45.0","0","SE4"," WC1E 6BT","10007784"
"UCL  Main Campus","9.0","49.0","0","SE5"," WC1E 6BT","10007784"
"UCL  Main Campus","16.0","61.0","0","SE6"," WC1E 6BT","10007784"
"UCL  Main Campus","17.0","62.0","0","SE7"," WC1E 6BT","10007784"
"UCL  Main Campus","13.0","50.0","0","SE8"," WC1E 6BT","10007784"
"UCL  Main Campus","19.0","40.0","0","SE9"," WC1E 6BT","10007784"
"UCL  Main Campus","47.0","70.0","0","SG1"," WC1E 6BT","10007784"
"UCL  Main Campus","43.0","83.0","0","SG10"," WC1E 6BT","10007784"
"UCL  Main Campus","62.0","84.0","0","SG11"," WC1E 6BT","10007784"
"UCL  Main Campus","38.0","70.0","0","SG12"," WC1E 6BT","10007784"
"UCL  Main Campus","41.0","82.0","0","SG13"," WC1E 6BT","10007784"
"UCL  Main Campus","35.0","70.0","0","SG14"," WC1E 6BT","10007784"
"UCL  Main Campus","62.0","112.0","0","SG15"," WC1E 6BT","10007784"
"UCL  Main Campus","61.0","119.0","0","SG16"," WC1E 6BT","10007784"
"UCL  Main Campus","76.0","129.0","0","SG17"," WC1E 6BT","10007784"
"UCL  Main Campus","68.0","59.0","0","SG18"," WC1E 6BT","10007784"
"UCL  Main Campus","77.0","94.0","0","SG19"," WC1E 6BT","10007784"
"UCL  Main Campus","49.0","74.0","0","SG2"," WC1E 6BT","10007784"
"UCL  Main Campus","51.0","78.0","0","SG3"," WC1E 6BT","10007784"
"UCL  Main Campus","49.0","88.0","0","SG4"," WC1E 6BT","10007784"
"UCL  Main Campus","64.0","106.0","0","SG5"," WC1E 6BT","10007784"
"UCL  Main Campus","57.0","74.0","0","SG6"," WC1E 6BT","10007784"
"UCL  Main Campus","63.0","102.0","0","SG7"," WC1E 6BT","10007784"
"UCL  Main Campus","76.0","96.0","0","SG8"," WC1E 6BT","10007784"
"UCL  Main Campus","57.0","113.0","0","SG9"," WC1E 6BT","10007784"
"UCL  Main Campus","34.0","81.0","0","SL0"," WC1E 6BT","10007784"
"UCL  Main Campus","35.0","51.0","0","SL1"," WC1E 6BT","10007784"
"UCL  Main Campus","36.0","75.0","0","SL2"," WC1E 6BT","10007784"
"UCL  Main Campus","36.0","59.0","0","SL3"," WC1E 6BT","10007784"
"UCL  Main Campus","40.0","64.0","0","SL4"," WC1E 6BT","10007784"
"UCL  Main Campus","51.0","90.0","0","SL5"," WC1E 6BT","10007784"
"UCL  Main Campus","42.0","52.0","0","SL6"," WC1E 6BT","10007784"
"UCL  Main Campus","54.0","93.0","0","SL7"," WC1E 6BT","10007784"
"UCL  Main Campus","49.0","73.0","0","SL8"," WC1E 6BT","10007784"
"UCL  Main Campus","33.0","47.0","0","SL9"," WC1E 6BT","10007784"
"UCL  Main Campus","22.0","73.0","0","SM1"," WC1E 6BT","10007784"
"UCL  Main Campus","24.0","67.0","0","SM2"," WC1E 6BT","10007784"
"UCL  Main Campus","23.0","70.0","0","SM3"," WC1E 6BT","10007784"
"UCL  Main Campus","19.0","57.0","0","SM4"," WC1E 6BT","10007784"
"UCL  Main Campus","22.0","57.0","0","SM5"," WC1E 6BT","10007784"
"UCL  Main Campus","26.0","80.0","0","SM6"," WC1E 6BT","10007784"
"UCL  Main Campus","28.0","90.0","0","SM7"," WC1E 6BT","10007784"
"UCL  Main Campus","62.0","104.0","0","SS0"," WC1E 6BT","10007784"
"UCL  Main Campus","63.0","96.0","0","SS1"," WC1E 6BT","10007784"
"UCL  Main Campus","53.0","71.0","0","SS11"," WC1E 6BT","10007784"
"UCL  Main Campus","53.0","67.0","0","SS12"," WC1E 6BT","10007784"
"UCL  Main Campus","49.0","92.0","0","SS13"," WC1E 6BT","10007784"
"UCL  Main Campus","46.0","90.0","0","SS14"," WC1E 6BT","10007784"
"UCL  Main Campus","46.0","96.0","0","SS15"," WC1E 6BT","10007784"
"UCL  Main Campus","45.0","92.0","0","SS16"," WC1E 6BT","10007784"
"UCL  Main Campus","51.0","103.0","0","SS17"," WC1E 6BT","10007784"
"UCL  Main Campus","71.0","81.0","0","SS2"," WC1E 6BT","10007784"
"UCL  Main Campus","70.0","117.0","0","SS3"," WC1E 6BT","10007784"
"UCL  Main Campus","69.0","89.0","0","SS4"," WC1E 6BT","10007784"
"UCL  Main Campus","64.0","75.0","0","SS5"," WC1E 6BT","10007784"
"UCL  Main Campus","58.0","68.0","0","SS6"," WC1E 6BT","10007784"
"UCL  Main Campus","63.0","90.0","0","SS7"," WC1E 6BT","10007784"
"UCL  Main Campus","57.0","103.0","0","SS8"," WC1E 6BT","10007784"
"UCL  Main Campus","60.0","123.0","0","SS9"," WC1E 6BT","10007784"
"UCL  Main Campus","4.0","19.0","0","SW1"," WC1E 6BT","10007784"
"UCL  Main Campus","6.0","53.0","0","SW10"," WC1E 6BT","10007784"
"UCL  Main Campus","10.0","40.0","0","SW11"," WC1E 6BT","10007784"
"UCL  Main Campus","12.0","41.0","0","SW12"," WC1E 6BT","10007784"
"UCL  Main Campus","12.0","42.0","0","SW13"," WC1E 6BT","10007784"
"UCL  Main Campus","14.0","48.0","0","SW14"," WC1E 6BT","10007784"
"UCL  Main Campus","14.0","56.0","0","SW15"," WC1E 6BT","10007784"
"UCL  Main Campus","14.0","62.0","0","SW16"," WC1E 6BT","10007784"
"UCL  Main Campus","14.0","44.0","0","SW17"," WC1E 6BT","10007784"
"UCL  Main Campus","13.0","50.0","0","SW18"," WC1E 6BT","10007784"
"UCL  Main Campus","15.0","47.0","0","SW19"," WC1E 6BT","10007784"
"UCL  Main Campus","3.0","22.0","0","SW1A"," WC1E 6BT","10007784"
"UCL  Main Campus","4.0","19.0","0","SW1E"," WC1E 6BT","10007784"
"UCL  Main Campus","4.0","24.0","0","SW1H"," WC1E 6BT","10007784"
"UCL  Main Campus","5.0","25.0","0","SW1P"," WC1E 6BT","10007784"
"UCL  Main Campus","5.0","20.0","0","SW1V"," WC1E 6BT","10007784"
"UCL  Main Campus","4.0","21.0","0","SW1W"," WC1E 6BT","10007784"
"UCL  Main Campus","4.0","24.0","0","SW1X"," WC1E 6BT","10007784"
"UCL  Main Campus","2.0","32.0","0","SW1Y"," WC1E 6BT","10007784"
"UCL  Main Campus","10.0","43.0","0","SW2"," WC1E 6BT","10007784"
"UCL  Main Campus","18.0","50.0","0","SW20"," WC1E 6BT","10007784"
"UCL  Main Campus","5.0","46.0","0","SW3"," WC1E 6BT","10007784"
"UCL  Main Campus","9.0","33.0","0","SW4"," WC1E 6BT","10007784"
"UCL  Main Campus","7.0","29.0","0","SW5"," WC1E 6BT","10007784"
"UCL  Main Campus","9.0","34.0","0","SW6"," WC1E 6BT","10007784"
"UCL  Main Campus","5.0","24.0","0","SW7"," WC1E 6BT","10007784"
"UCL  Main Campus","8.0","28.0","0","SW8"," WC1E 6BT","10007784"
"UCL  Main Campus","9.0","30.0","0","SW9"," WC1E 6BT","10007784"
"UCL  Main Campus","59.0","94.0","0","TN1"," WC1E 6BT","10007784"
"UCL  Main Campus","53.0","97.0","0","TN10"," WC1E 6BT","10007784"
"UCL  Main Campus","53.0","85.0","0","TN11"," WC1E 6BT","10007784"
"UCL  Main Campus","71.0","119.0","0","TN12"," WC1E 6BT","10007784"
"UCL  Main Campus","38.0","62.0","0","TN13"," WC1E 6BT","10007784"
"UCL  Main Campus","41.0","77.0","0","TN14"," WC1E 6BT","10007784"
"UCL  Main Campus","50.0","112.0","0","TN15"," WC1E 6BT","10007784"
"UCL  Main Campus","37.0","80.0","0","TN16"," WC1E 6BT","10007784"
"UCL  Main Campus","79.0","126.0","0","TN17"," WC1E 6BT","10007784"
"UCL  Main Campus","87.0","147.0","0","TN18"," WC1E 6BT","10007784"
"UCL  Main Campus","84.0","129.0","0","TN19"," WC1E 6BT","10007784"
"UCL  Main Campus","61.0","101.0","0","TN2"," WC1E 6BT","10007784"
"UCL  Main Campus","74.0","119.0","0","TN20"," WC1E 6BT","10007784"
"UCL  Main Campus","95.0","163.0","0","TN21"," WC1E 6BT","10007784"
"UCL  Main Campus","75.0","141.0","0","TN22"," WC1E 6BT","10007784"
"UCL  Main Campus","93.0","61.0","0","TN23"," WC1E 6BT","10007784"
"UCL  Main Campus","92.0","59.0","0","TN24"," WC1E 6BT","10007784"
"UCL  Main Campus","98.0","104.0","0","TN25"," WC1E 6BT","10007784"
"UCL  Main Campus","105.0","133.0","0","TN26"," WC1E 6BT","10007784"
"UCL  Main Campus","112.0","153.0","0","TN27"," WC1E 6BT","10007784"
"UCL  Main Campus","136.0","147.0","0","TN28"," WC1E 6BT","10007784"
"UCL  Main Campus","122.0","134.0","0","TN29"," WC1E 6BT","10007784"
"UCL  Main Campus","59.0","94.0","0","TN3"," WC1E 6BT","10007784"
"UCL  Main Campus","113.0","128.0","0","TN30"," WC1E 6BT","10007784"
"UCL  Main Campus","122.0","131.0","0","TN31"," WC1E 6BT","10007784"
"UCL  Main Campus","85.0","123.0","0","TN32"," WC1E 6BT","10007784"
"UCL  Main Campus","94.0","129.0","0","TN33"," WC1E 6BT","10007784"
"UCL  Main Campus","104.0","138.0","0","TN34"," WC1E 6BT","10007784"
"UCL  Main Campus","107.0","156.0","0","TN35"," WC1E 6BT","10007784"
"UCL  Main Campus","121.0","125.0","0","TN36"," WC1E 6BT","10007784"
"UCL  Main Campus","104.0","136.0","0","TN37"," WC1E 6BT","10007784"
"UCL  Main Campus","104.0","134.0","0","TN38"," WC1E 6BT","10007784"
"UCL  Main Campus","122.0","136.0","0","TN39"," WC1E 6BT","10007784"
"UCL  Main Campus","56.0","96.0","0","TN4"," WC1E 6BT","10007784"
"UCL  Main Campus","123.0","136.0","0","TN40"," WC1E 6BT","10007784"
"UCL  Main Campus","72.0","115.0","0","TN5"," WC1E 6BT","10007784"
"UCL  Main Campus","70.0","116.0","0","TN6"," WC1E 6BT","10007784"
"UCL  Main Campus","65.0","140.0","0","TN7"," WC1E 6BT","10007784"
"UCL  Main Campus","49.0","97.0","0","TN8"," WC1E 6BT","10007784"
"UCL  Main Campus","51.0","76.0","0","TN9"," WC1E 6BT","10007784"
"UCL  Main Campus","22.0","47.0","0","TW1"," WC1E 6BT","10007784"
"UCL  Main Campus","21.0","46.0","0","TW10"," WC1E 6BT","10007784"
"UCL  Main Campus","26.0","72.0","0","TW11"," WC1E 6BT","10007784"
"UCL  Main Campus","27.0","79.0","0","TW12"," WC1E 6BT","10007784"
"UCL  Main Campus","29.0","63.0","0","TW13"," WC1E 6BT","10007784"
"UCL  Main Campus","28.0","59.0","0","TW14"," WC1E 6BT","10007784"
"UCL  Main Campus","33.0","82.0","0","TW15"," WC1E 6BT","10007784"
"UCL  Main Campus","31.0","71.0","0","TW16"," WC1E 6BT","10007784"
"UCL  Main Campus","37.0","74.0","0","TW17"," WC1E 6BT","10007784"
"UCL  Main Campus","35.0","61.0","0","TW18"," WC1E 6BT","10007784"
"UCL  Main Campus","33.0","76.0","0","TW19"," WC1E 6BT","10007784"
"UCL  Main Campus","24.0","71.0","0","TW2"," WC1E 6BT","10007784"
"UCL  Main Campus","38.0","63.0","0","TW20"," WC1E 6BT","10007784"
"UCL  Main Campus","19.0","69.0","0","TW3"," WC1E 6BT","10007784"
"UCL  Main Campus","21.0","80.0","0","TW4"," WC1E 6BT","10007784"
"UCL  Main Campus","23.0","80.0","0","TW5"," WC1E 6BT","10007784"
"UCL  Main Campus","28.0","47.0","0","TW6"," WC1E 6BT","10007784"
"UCL  Main Campus","23.0","69.0","0","TW7"," WC1E 6BT","10007784"
"UCL  Main Campus","14.0","59.0","0","TW8"," WC1E 6BT","10007784"
"UCL  Main Campus","20.0","48.0","0","TW9"," WC1E 6BT","10007784"
"UCL  Main Campus","19.0","46.0","0","UB1"," WC1E 6BT","10007784"
"UCL  Main Campus","26.0","55.0","0","UB10"," WC1E 6BT","10007784"
"UCL  Main Campus","26.0","52.0","0","UB11"," WC1E 6BT","10007784"
"UCL  Main Campus","19.0","47.0","0","UB2"," WC1E 6BT","10007784"
"UCL  Main Campus","21.0","39.0","0","UB3"," WC1E 6BT","10007784"
"UCL  Main Campus","26.0","40.0","0","UB4"," WC1E 6BT","10007784"
"UCL  Main Campus","22.0","28.0","0","UB5"," WC1E 6BT","10007784"
"UCL  Main Campus","18.0","59.0","0","UB6"," WC1E 6BT","10007784"
"UCL  Main Campus","25.0","45.0","0","UB7"," WC1E 6BT","10007784"
"UCL  Main Campus","30.0","68.0","0","UB8"," WC1E 6BT","10007784"
"UCL  Main Campus","29.0","53.0","0","UB9"," WC1E 6BT","10007784"
"UCL  Main Campus","1.0","10.0","0","W1"," WC1E 6BT","10007784"
"UCL  Main Campus","6.0","27.0","0","W10"," WC1E 6BT","10007784"
"UCL  Main Campus","6.0","31.0","0","W11"," WC1E 6BT","10007784"
"UCL  Main Campus","8.0","29.0","0","W12"," WC1E 6BT","10007784"
"UCL  Main Campus","14.0","31.0","0","W13"," WC1E 6BT","10007784"
"UCL  Main Campus","10.0","33.0","0","W14"," WC1E 6BT","10007784"
"UCL  Main Campus","1.0","13.0","0","W1B"," WC1E 6BT","10007784"
"UCL  Main Campus","2.0","23.0","0","W1C"," WC1E 6BT","10007784"
"UCL  Main Campus","1.0","20.0","0","W1D"," WC1E 6BT","10007784"
"UCL  Main Campus","2.0","24.0","0","W1F"," WC1E 6BT","10007784"
"UCL  Main Campus","2.0","15.0","0","W1G"," WC1E 6BT","10007784"
"UCL  Main Campus","2.0","21.0","0","W1H"," WC1E 6BT","10007784"
"UCL  Main Campus","2.0","12.0","0","W1J"," WC1E 6BT","10007784"
"UCL  Main Campus","2.0","19.0","0","W1K"," WC1E 6BT","10007784"
"UCL  Main Campus","1.0","18.0","0","W1M"," WC1E 6BT","10007784"
"UCL  Main Campus","2.0","17.0","0","W1S"," WC1E 6BT","10007784"
"UCL  Main Campus","0.0","8.0","0","W1T"," WC1E 6BT","10007784"
"UCL  Main Campus","2.0","15.0","0","W1U"," WC1E 6BT","10007784"
"UCL  Main Campus","1.0","12.0","0","W1W"," WC1E 6BT","10007784"
"UCL  Main Campus","3.0","16.0","0","W2"," WC1E 6BT","10007784"
"UCL  Main Campus","10.0","38.0","0","W3"," WC1E 6BT","10007784"
"UCL  Main Campus","11.0","43.0","0","W4"," WC1E 6BT","10007784"
"UCL  Main Campus","12.0","31.0","0","W5"," WC1E 6BT","10007784"
"UCL  Main Campus","9.0","32.0","0","W6"," WC1E 6BT","10007784"
"UCL  Main Campus","15.0","36.0","0","W7"," WC1E 6BT","10007784"
"UCL  Main Campus","6.0","24.0","0","W8"," WC1E 6BT","10007784"
"UCL  Main Campus","5.0","31.0","0","W9"," WC1E 6BT","10007784"
"UCL  Main Campus","296.0","139.0","0","WA1"," WC1E 6BT","10007784"
"UCL  Main Campus","342.0","202.0","0","WA10"," WC1E 6BT","10007784"
"UCL  Main Campus","344.0","207.0","0","WA11"," WC1E 6BT","10007784"
"UCL  Main Campus","332.0","172.0","0","WA12"," WC1E 6BT","10007784"
"UCL  Main Campus","307.0","195.0","0","WA13"," WC1E 6BT","10007784"
"UCL  Main Campus","297.0","166.0","0","WA14"," WC1E 6BT","10007784"
"UCL  Main Campus","295.0","162.0","0","WA15"," WC1E 6BT","10007784"
"UCL  Main Campus","297.0","168.0","0","WA16"," WC1E 6BT","10007784"
"UCL  Main Campus","297.0","157.0","0","WA2"," WC1E 6BT","10007784"
"UCL  Main Campus","334.0","218.0","0","WA3"," WC1E 6BT","10007784"
"UCL  Main Campus","297.0","141.0","0","WA4"," WC1E 6BT","10007784"
"UCL  Main Campus","296.0","140.0","0","WA5"," WC1E 6BT","10007784"
"UCL  Main Campus","308.0","196.0","0","WA6"," WC1E 6BT","10007784"
"UCL  Main Campus","295.0","170.0","0","WA7"," WC1E 6BT","10007784"
"UCL  Main Campus","296.0","170.0","0","WA8"," WC1E 6BT","10007784"
"UCL  Main Campus","338.0","181.0","0","WA9"," WC1E 6BT","10007784"
"UCL  Main Campus","1.0","14.0","0","WC1"," WC1E 6BT","10007784"
"UCL  Main Campus","1.0","10.0","0","WC1A"," WC1E 6BT","10007784"
"UCL  Main Campus","1.0","10.0","0","WC1B"," WC1E 6BT","10007784"
"UCL  Main Campus","0.0","5.0","0","WC1E"," WC1E 6BT","10007784"
"UCL  Main Campus","0.0","10.0","0","WC1H"," WC1E 6BT","10007784"
"UCL  Main Campus","1.0","15.0","0","WC1N"," WC1E 6BT","10007784"
"UCL  Main Campus","2.0","19.0","0","WC1R"," WC1E 6BT","10007784"
"UCL  Main Campus","1.0","21.0","0","WC1V"," WC1E 6BT","10007784"
"UCL  Main Campus","2.0","27.0","0","WC1X"," WC1E 6BT","10007784"
"UCL  Main Campus","1.0","12.0","0","WC2"," WC1E 6BT","10007784"
"UCL  Main Campus","2.0","27.0","0","WC2A"," WC1E 6BT","10007784"
"UCL  Main Campus","1.0","13.0","0","WC2B"," WC1E 6BT","10007784"
"UCL  Main Campus","1.0","15.0","0","WC2E"," WC1E 6BT","10007784"
"UCL  Main Campus","1.0","19.0","0","WC2H"," WC1E 6BT","10007784"
"UCL  Main Campus","2.0","13.0","0","WC2N"," WC1E 6BT","10007784"
"UCL  Main Campus","3.0","17.0","0","WC2R"," WC1E 6BT","10007784"
"UCL  Main Campus","31.0","48.0","0","WD1"," WC1E 6BT","10007784"
"UCL  Main Campus","29.0","34.0","0","WD17"," WC1E 6BT","10007784"
"UCL  Main Campus","31.0","49.0","0","WD18"," WC1E 6BT","10007784"
"UCL  Main Campus","25.0","52.0","0","WD19"," WC1E 6BT","10007784"
"UCL  Main Campus","30.0","47.0","0","WD2"," WC1E 6BT","10007784"
"UCL  Main Campus","32.0","50.0","0","WD23"," WC1E 6BT","10007784"
"UCL  Main Campus","29.0","34.0","0","WD24"," WC1E 6BT","10007784"
"UCL  Main Campus","31.0","46.0","0","WD25"," WC1E 6BT","10007784"
"UCL  Main Campus","30.0","60.0","0","WD3"," WC1E 6BT","10007784"
"UCL  Main Campus","35.0","54.0","0","WD4"," WC1E 6BT","10007784"
"UCL  Main Campus","36.0","59.0","0","WD5"," WC1E 6BT","10007784"
"UCL  Main Campus","25.0","65.0","0","WD6"," WC1E 6BT","10007784"
"UCL  Main Campus","30.0","77.0","0","WD7"," WC1E 6BT","10007784"
"UCL  Main Campus","285.0","144.0","0","WF1"," WC1E 6BT","10007784"
"UCL  Main Campus","318.0","193.0","0","WF10"," WC1E 6BT","10007784"
"UCL  Main Campus","306.0","196.0","0","WF11"," WC1E 6BT","10007784"
"UCL  Main Campus","296.0","188.0","0","WF12"," WC1E 6BT","10007784"
"UCL  Main Campus","316.0","185.0","0","WF13"," WC1E 6BT","10007784"
"UCL  Main Campus","359.0","205.0","0","WF14"," WC1E 6BT","10007784"
"UCL  Main Campus","364.0","217.0","0","WF15"," WC1E 6BT","10007784"
"UCL  Main Campus","299.0","193.0","0","WF16"," WC1E 6BT","10007784"
"UCL  Main Campus","297.0","180.0","0","WF17"," WC1E 6BT","10007784"
"UCL  Main Campus","285.0","149.0","0","WF2"," WC1E 6BT","10007784"
"UCL  Main Campus","289.0","165.0","0","WF3"," WC1E 6BT","10007784"
"UCL  Main Campus","288.0","184.0","0","WF4"," WC1E 6BT","10007784"
"UCL  Main Campus","291.0","159.0","0","WF5"," WC1E 6BT","10007784"
"UCL  Main Campus","294.0","178.0","0","WF6"," WC1E 6BT","10007784"
"UCL  Main Campus","298.0","196.0","0","WF7"," WC1E 6BT","10007784"
"UCL  Main Campus","286.0","218.0","0","WF8"," WC1E 6BT","10007784"
"UCL  Main Campus","278.0","209.0","0","WF9"," WC1E 6BT","10007784"
"UCL  Main Campus","313.0","140.0","0","WN1"," WC1E 6BT","10007784"
"UCL  Main Campus","316.0","152.0","0","WN2"," WC1E 6BT","10007784"
"UCL  Main Campus","315.0","164.0","0","WN3"," WC1E 6BT","10007784"
"UCL  Main Campus","319.0","146.0","0","WN4"," WC1E 6BT","10007784"
"UCL  Main Campus","316.0","160.0","0","WN5"," WC1E 6BT","10007784"
"UCL  Main Campus","320.0","180.0","0","WN6"," WC1E 6BT","10007784"
"UCL  Main Campus","325.0","207.0","0","WN7"," WC1E 6BT","10007784"
"UCL  Main Campus","325.0","188.0","0","WN8"," WC1E 6BT","10007784"
"UCL  Main Campus","225.0","143.0","0","WR1"," WC1E 6BT","10007784"
"UCL  Main Campus","191.0","204.0","0","WR10"," WC1E 6BT","10007784"
"UCL  Main Campus","178.0","162.0","0","WR11"," WC1E 6BT","10007784"
"UCL  Main Campus","167.0","194.0","0","WR12"," WC1E 6BT","10007784"
"UCL  Main Campus","244.0","213.0","0","WR13"," WC1E 6BT","10007784"
"UCL  Main Campus","237.0","157.0","0","WR14"," WC1E 6BT","10007784"
"UCL  Main Campus","370.0","295.0","0","WR15"," WC1E 6BT","10007784"
"UCL  Main Campus","226.0","151.0","0","WR2"," WC1E 6BT","10007784"
"UCL  Main Campus","228.0","171.0","0","WR3"," WC1E 6BT","10007784"
"UCL  Main Campus","227.0","158.0","0","WR4"," WC1E 6BT","10007784"
"UCL  Main Campus","227.0","189.0","0","WR5"," WC1E 6BT","10007784"
"UCL  Main Campus","238.0","188.0","0","WR6"," WC1E 6BT","10007784"
"UCL  Main Campus","236.0","187.0","0","WR7"," WC1E 6BT","10007784"
"UCL  Main Campus","249.0","238.0","0","WR8"," WC1E 6BT","10007784"
"UCL  Main Campus","215.0","126.0","0","WR9"," WC1E 6BT","10007784"
"UCL  Main Campus","201.0","133.0","0","WS1"," WC1E 6BT","10007784"
"UCL  Main Campus","204.0","148.0","0","WS10"," WC1E 6BT","10007784"
"UCL  Main Campus","213.0","152.0","0","WS11"," WC1E 6BT","10007784"
"UCL  Main Campus","210.0","142.0","0","WS12"," WC1E 6BT","10007784"
"UCL  Main Campus","189.0","117.0","0","WS13"," WC1E 6BT","10007784"
"UCL  Main Campus","192.0","144.0","0","WS14"," WC1E 6BT","10007784"
"UCL  Main Campus","202.0","127.0","0","WS15"," WC1E 6BT","10007784"
"UCL  Main Campus","202.0","143.0","0","WS2"," WC1E 6BT","10007784"
"UCL  Main Campus","205.0","147.0","0","WS3"," WC1E 6BT","10007784"
"UCL  Main Campus","203.0","142.0","0","WS4"," WC1E 6BT","10007784"
"UCL  Main Campus","194.0","140.0","0","WS5"," WC1E 6BT","10007784"
"UCL  Main Campus","209.0","136.0","0","WS6"," WC1E 6BT","10007784"
"UCL  Main Campus","196.0","135.0","0","WS7"," WC1E 6BT","10007784"
"UCL  Main Campus","208.0","160.0","0","WS8"," WC1E 6BT","10007784"
"UCL  Main Campus","206.0","153.0","0","WS9"," WC1E 6BT","10007784"
"UCL  Main Campus","203.0","130.0","0","WV1"," WC1E 6BT","10007784"
"UCL  Main Campus","207.0","153.0","0","WV10"," WC1E 6BT","10007784"
"UCL  Main Campus","209.0","158.0","0","WV11"," WC1E 6BT","10007784"
"UCL  Main Campus","208.0","152.0","0","WV12"," WC1E 6BT","10007784"
"UCL  Main Campus","208.0","157.0","0","WV13"," WC1E 6BT","10007784"
"UCL  Main Campus","199.0","146.0","0","WV14"," WC1E 6BT","10007784"
"UCL  Main Campus","226.0","216.0","0","WV15"," WC1E 6BT","10007784"
"UCL  Main Campus","242.0","244.0","0","WV16"," WC1E 6BT","10007784"
"UCL  Main Campus","205.0","142.0","0","WV2"," WC1E 6BT","10007784"
"UCL  Main Campus","206.0","150.0","0","WV3"," WC1E 6BT","10007784"
"UCL  Main Campus","207.0","160.0","0","WV4"," WC1E 6BT","10007784"
"UCL  Main Campus","213.0","175.0","0","WV5"," WC1E 6BT","10007784"
"UCL  Main Campus","208.0","153.0","0","WV6"," WC1E 6BT","10007784"
"UCL  Main Campus","241.0","175.0","0","WV7"," WC1E 6BT","10007784"
"UCL  Main Campus","211.0","171.0","0","WV8"," WC1E 6BT","10007784"
"UCL  Main Campus","210.0","151.0","0","WV9"," WC1E 6BT","10007784"
"UCL  Main Campus","1.0","13.0","0","W1A"," WC1E 6BT","10007784"
"UCL  Main Campus","53.0","79.0","0","CM99"," WC1E 6BT","10007784"
"UCL  Main Campus","5.0","20.0","0","E77"," WC1E 6BT","10007784"
"UCL  Main Campus","6.0","24.0","0","E98"," WC1E 6BT","10007784"
"UCL  Main Campus","3.0","19.0","0","EC1P"," WC1E 6BT","10007784"
"UCL  Main Campus","3.0","19.0","0","EC4P"," WC1E 6BT","10007784"
"UCL  Main Campus","3.0","19.0","0","EC50"," WC1E 6BT","10007784"
"UCL  Main Campus","641.0","310.0","0","EH91"," WC1E 6BT","10007784"
"UCL  Main Campus","639.0","320.0","0","EH95"," WC1E 6BT","10007784"
"UCL  Main Campus","634.0","291.0","0","EH99"," WC1E 6BT","10007784"
"UCL  Main Campus","83.0","88.0","0","GU95"," WC1E 6BT","10007784"
"UCL  Main Campus","87.0","77.0","0","MK77"," WC1E 6BT","10007784"
"UCL  Main Campus","3.0","30.0","0","N1P"," WC1E 6BT","10007784"
"UCL  Main Campus","438.0","224.0","0","NE82"," WC1E 6BT","10007784"
"UCL  Main Campus","439.0","225.0","0","NE83"," WC1E 6BT","10007784"
"UCL  Main Campus","440.0","223.0","0","NE85"," WC1E 6BT","10007784"
"UCL  Main Campus","437.0","220.0","0","NE88"," WC1E 6BT","10007784"
"UCL  Main Campus","437.0","220.0","0","NE92"," WC1E 6BT","10007784"
"UCL  Main Campus","434.0","202.0","0","NE98"," WC1E 6BT","10007784"
"UCL  Main Campus","237.0","211.0","0","NG70"," WC1E 6BT","10007784"
"UCL  Main Campus","212.0","153.0","0","NG80"," WC1E 6BT","10007784"
"UCL  Main Campus","212.0","154.0","0","NG90"," WC1E 6BT","10007784"
"UCL  Main Campus","1.0","12.0","0","NW1W"," WC1E 6BT","10007784"
"UCL  Main Campus","8.0","31.0","0","SE1P"," WC1E 6BT","10007784"
"UCL  Main Campus","37.0","82.0","0","SL95"," WC1E 6BT","10007784"
"UCL  Main Campus","71.0","85.0","0","SS22"," WC1E 6BT","10007784"
"UCL  Main Campus","61.0","113.0","0","SS99"," WC1E 6BT","10007784"
"UCL  Main Campus","8.0","28.0","0","SW99"," WC1E 6BT","10007784"
"UCL  Main Campus","23.0","66.0","0","UB18"," WC1E 6BT","10007784"
"UCL  Main Campus","296.0","141.0","0","WA55"," WC1E 6BT","10007784"
"UCL  Main Campus","298.0","172.0","0","WA88"," WC1E 6BT","10007784"
"UCL  Main Campus","224.0","139.0","0","WR78"," WC1E 6BT","10007784"
"UCL  Main Campus","225.0","152.0","0","WR99"," WC1E 6BT","10007784"
"UCL  Main Campus","12.0","51.0","0","E20"," WC1E 6BT","10007784"
"UCL  Main Campus","43.0","54.0","0","SL60"," WC1E 6BT","10007784"
